,City,Country,Cloudiness,lon,lat,maxtemp,mintemp,windspeed,humidity,date
0,Busselton,AU,100,115.35,-33.64,82.99,71.01,13.58,31,1574133347
1,Yerbogachen,RU,9,108.01,61.28,-19.5,-19.5,2.95,85,1574133347
2,Talnakh,RU,75,88.39,69.49,-0.4,-0.4,2.24,84,1574133347
3,Bluff,AU,0,149.07,-23.58,93.15,93.15,4.76,27,1574133348
4,Denpasar,ID,20,115.22,-8.65,86.0,86.0,6.93,79,1574133093
5,Kapaa,US,20,-159.32,22.08,82.4,77.0,9.17,69,1574133348
6,Rikitea,PF,88,-134.97,-23.12,75.83,75.83,18.92,84,1574133349
7,New Norfolk,AU,75,147.06,-42.78,63.0,62.01,6.93,53,1574133349
8,Planaltina,BR,40,-47.66,-15.62,71.6,66.0,2.24,83,1574133349
9,Hobart,AU,75,147.33,-42.88,63.0,62.01,6.93,69,1574133289
10,Souillac,FR,0,-0.6,45.6,34.0,30.0,3.29,87,1574133350
11,Dikson,RU,100,80.55,73.51,16.57,16.57,13.6,94,1574133350
12,Puerto Ayora,EC,89,-90.35,-0.74,70.0,70.0,3.0,85,1574133350
13,Castro,CL,20,-73.76,-42.48,51.8,51.8,8.05,100,1574133350
14,Hithadhoo,MV,51,73.08,-0.6,82.38,82.38,12.33,79,1574133330
15,Butaritari,KI,91,172.79,3.07,83.82,83.82,5.48,61,1574133351
16,Khatanga,RU,100,102.47,71.98,-0.6,-0.6,9.19,96,1574133351
17,Jamestown,AU,84,138.6,-33.21,94.78,94.78,14.09,9,1574133351
18,Santa Rosa,AR,19,-64.29,-36.62,61.52,61.52,7.02,29,1574133351
19,Sao Filipe,CV,71,-24.5,14.9,73.18,73.18,20.98,82,1574133352
20,Yellowknife,CA,5,-114.38,62.45,-5.01,-7.01,9.17,83,1574133352
21,Ullapool,GB,91,-5.16,57.9,39.0,25.0,8.01,75,1574133352
22,Malaya Purga,RU,77,53.01,56.55,12.99,12.99,5.99,85,1574133353
23,Datong,CN,0,113.3,40.09,29.93,29.93,9.86,15,1574133353
24,Ganzhou,CN,0,114.93,25.86,57.36,57.36,9.95,46,1574133353
25,Vaini,IN,40,74.49,15.34,71.6,69.8,2.24,73,1574133353
26,Cidreira,BR,0,-50.22,-30.17,70.63,70.63,23.8,80,1574133354
27,Ushuaia,AR,40,-68.31,-54.81,44.6,41.0,9.17,75,1574133338
28,Matagami,NG,68,8.4,9.67,69.8,69.8,3.58,49,1574133354
29,Bredasdorp,ZA,37,20.04,-34.53,51.8,51.8,5.82,81,1574133354
30,Dakoro,NE,2,6.76,14.51,79.27,79.27,5.44,20,1574133354
31,Rocha,UY,26,-54.34,-34.48,64.62,64.62,6.55,96,1574133355
32,Victoria,BN,75,115.24,5.28,86.0,86.0,4.7,74,1574133309
33,Thompson,CA,90,-97.86,55.74,21.2,21.2,9.17,85,1574133355
34,Albany,US,90,-73.75,42.65,37.0,32.0,8.05,80,1574133355
35,Kaeo,NZ,86,173.78,-35.1,73.0,68.0,8.55,65,1574133356
36,Flin Flon,CA,100,-101.88,54.77,24.89,24.89,4.36,97,1574133356
37,Clyde River,CA,75,-68.59,70.47,3.2,3.2,8.05,84,1574133356
38,Fereydun Kenar,IR,90,52.52,36.69,48.2,48.2,4.7,93,1574133357
39,Carnarvon,ZA,100,22.13,-30.97,49.71,49.71,9.17,55,1574133357
40,Menzelinsk,RU,90,53.11,55.73,28.4,28.4,11.18,92,1574133357
41,Port Elizabeth,US,75,-74.98,39.31,43.0,37.99,4.03,93,1574133357
42,Kodiak,US,90,-94.76,39.95,54.0,42.01,3.36,66,1574133357
43,San Felipe,CL,0,-70.73,-32.75,59.14,59.14,2.55,28,1574133358
44,Bukama,CD,100,25.85,-9.2,69.66,69.66,0.27,99,1574133358
45,Namatanai,PG,5,152.44,-3.66,84.87,84.87,9.89,71,1574133358
46,Atuona,PF,0,-139.03,-9.8,79.7,79.7,12.21,76,1574133358
47,Klaksvik,FO,100,-6.59,62.23,32.0,32.0,1.12,61,1574133359
48,Flums,CH,78,9.34,47.09,37.4,28.0,3.36,93,1574133359
49,Lebu,ET,75,38.73,8.96,55.4,55.4,4.7,76,1574133359
50,Punta Arenas,CL,75,-70.91,-53.16,46.4,46.0,6.93,65,1574133359
51,Kavieng,PG,0,150.8,-2.57,83.59,83.59,13.31,76,1574133360
52,Naze,NG,20,7.07,5.43,77.0,77.0,2.77,94,1574133360
53,Lompoc,US,1,-120.46,34.64,63.0,53.01,3.36,44,1574133361
54,Provideniya,RU,75,-173.23,64.42,26.6,26.6,15.66,79,1574133361
55,Lusambo,CD,99,23.44,-4.97,67.08,67.08,0.43,93,1574133361
56,Aklavik,CA,20,-135.01,68.22,-18.4,-18.4,4.5,75,1574133361
57,Hermanus,ZA,16,19.24,-34.42,55.0,55.0,1.99,79,1574133362
58,Petropavlovsk-Kamchatskiy,RU,0,158.65,53.05,28.4,28.4,6.71,54,1574133362
59,Puerto Cabezas,NI,0,-83.39,14.04,72.84,72.84,5.99,84,1574133362
60,Rawson,AR,0,-65.11,-43.3,61.9,61.9,10.11,50,1574133362
61,Saskylakh,RU,100,114.09,71.97,-2.29,-2.29,11.88,96,1574133363
62,Cape Town,ZA,20,18.42,-33.93,59.0,55.99,13.87,67,1574133083
63,Pahrump,US,1,-115.98,36.21,62.6,53.01,6.93,19,1574133093
64,Egvekinot,RU,0,-179.17,66.32,1.36,1.36,8.86,93,1574133363
65,Talaya,RU,75,84.89,55.79,1.4,-0.99,6.71,77,1574133364
66,Freeport,BS,83,-78.7,26.54,71.56,71.56,10.8,61,1574133200
67,Pevek,RU,100,170.27,69.7,-2.6,-2.6,5.59,98,1574133364
68,Loa Janan,ID,37,117.09,-0.58,85.66,85.66,2.1,74,1574133365
69,Chokurdakh,RU,0,147.9,70.62,-10.52,-10.52,2.51,97,1574133365
70,Saint-Augustin,CA,90,-73.98,45.63,28.99,26.01,9.17,63,1574133365
71,Hofn,IS,100,-15.21,64.25,42.42,42.42,24.72,71,1574133365
72,Mar del Plata,AR,100,-67.52,-46.43,62.02,62.02,34.31,41,1574133090
73,Awjilah,LY,0,21.3,29.14,60.35,60.35,7.07,53,1574133366
74,Georgetown,GY,20,-58.16,6.8,78.8,78.8,4.7,88,1574133096
75,Dukat,AL,97,19.57,40.25,59.0,59.0,10.2,93,1574133367
76,Ribeira Grande,PT,100,-28.7,38.52,57.13,57.13,12.73,70,1574133367
77,Palana,RU,93,159.95,59.08,18.34,18.34,2.59,70,1574133367
78,Ketchikan,US,90,-131.65,55.34,44.6,42.8,5.82,100,1574133367
79,Bulgan,MN,75,103.53,48.81,8.78,8.78,3.38,73,1574133367
80,Cantanhede,BR,3,-44.38,-3.64,75.72,75.72,3.6,87,1574133368
81,Aykhal,RU,90,111.51,65.95,-4.0,-4.0,6.71,83,1574133368
82,Hilo,US,40,-155.08,19.71,78.8,69.01,4.7,78,1574133368
83,Pokhara,NP,62,83.99,28.21,66.79,66.79,1.19,70,1574133369
84,Tuktoyaktuk,CA,5,-133.03,69.44,-13.0,-13.0,8.05,83,1574133369
85,Tasiilaq,GL,100,-37.64,65.61,35.6,35.6,32.21,55,1574133369
86,Mahebourg,MU,40,57.7,-20.41,77.0,77.0,1.12,94,1574133369
87,Lorengau,PG,59,147.27,-2.02,84.81,84.81,8.59,70,1574133370
88,Virginia Beach,US,90,-75.98,36.85,46.99,44.01,5.82,93,1574133224
89,Port Alfred,ZA,100,26.89,-33.59,57.31,57.31,14.67,73,1574133370
90,Tezu,IN,19,96.16,27.93,70.39,70.39,2.46,66,1574133370
91,La Romana,DO,40,-68.97,18.43,75.2,71.6,4.7,100,1574133370
92,Vardo,US,90,-77.74,39.62,39.99,35.6,2.48,86,1574133371
93,Coahuayana,MX,100,-100.35,18.62,74.07,74.07,3.27,76,1574133371
94,East London,ZA,40,27.91,-33.02,59.0,59.0,8.05,72,1574133372
95,Mount Gambier,AU,90,140.78,-37.83,64.4,64.4,8.05,72,1574133372
96,Bethel,US,1,-161.76,60.79,3.2,3.2,20.8,77,1574133372
97,Halifax,CA,90,-63.58,44.65,44.01,37.4,12.75,100,1574133309
98,Marrakesh,MA,20,-7.99,31.63,51.8,51.8,1.12,71,1574133373
99,Maltahohe,NA,100,16.98,-24.83,65.52,65.52,4.05,27,1574133373
100,Gisborne,NZ,100,178.02,-38.66,73.0,73.0,4.0,39,1574133284
101,Suntar,RU,98,117.65,62.16,-12.14,-12.14,5.17,93,1574133374
102,Hambantota,LK,20,81.12,6.12,80.6,80.6,2.24,94,1574133374
103,Jumla,NP,0,82.18,29.28,48.24,48.24,1.54,21,1574133374
104,San Ramon,NI,30,-85.84,12.92,64.49,64.49,3.56,97,1574133374
105,Ponta Delgada,PT,20,-25.67,37.73,60.8,60.8,9.17,77,1574133375
106,Dingle,PH,15,122.67,11.0,84.07,84.07,3.83,73,1574133375
107,Dzhebariki-Khaya,RU,97,135.8,62.22,-20.79,-20.79,1.86,93,1574133375
108,San Patricio,PY,0,-56.83,-26.98,73.87,73.87,5.26,70,1574133375
109,Necochea,AR,67,-58.74,-38.55,53.01,53.01,3.98,92,1574133376
110,Ponta do Sol,BR,100,-46.0,-20.63,66.92,66.92,3.02,90,1574133376
111,Isangel,VU,75,169.27,-19.55,82.4,82.4,16.11,65,1574133376
112,Komsomolskiy,RU,25,63.78,67.55,-9.99,-9.99,3.22,85,1574133377
113,Anadyr,RU,75,177.51,64.73,14.0,14.0,8.95,85,1574133377
114,Tautira,PF,75,-149.15,-17.73,80.6,80.01,5.82,74,1574133377
115,Te Anau,NZ,50,167.72,-45.41,48.9,48.9,11.27,72,1574133377
116,Kyabe,TD,3,18.94,9.45,73.53,73.53,2.44,35,1574133377
117,Victoria,BN,75,115.24,5.28,86.0,86.0,4.7,74,1574133243
118,Saint-Francois,FR,100,3.91,46.42,39.99,39.99,4.34,94,1574133378
119,Berlevag,NO,97,29.09,70.86,33.57,33.57,25.48,84,1574133378
120,Comodoro Rivadavia,AR,100,-67.48,-45.87,64.4,64.4,13.87,45,1574133379
121,Saint-Philippe,CA,75,-73.48,45.36,28.99,26.01,8.05,68,1574133379
122,Kondinskoye,RU,99,67.41,59.65,-14.73,-14.73,9.42,94,1574133379
123,Srednekolymsk,RU,44,153.71,67.46,-14.19,-14.19,7.18,97,1574133379
124,Blacksburg,US,90,-80.41,37.23,42.01,33.01,5.82,100,1574133380
125,Upernavik,GL,100,-56.15,72.79,20.86,20.86,10.65,88,1574133380
126,Brae,GB,0,-1.35,60.4,33.8,30.2,5.82,92,1574133380
127,Shelburne,CA,90,-80.2,44.08,36.0,30.99,3.04,99,1574133185
128,Tynda,RU,23,124.74,55.15,-12.57,-12.57,4.81,86,1574133381
129,Baykit,RU,0,96.39,61.68,-22.45,-22.45,3.51,92,1574133381
130,Forest Hills,ZA,50,30.83,-29.76,63.0,60.01,1.12,88,1574133381
131,Bambous Virieux,MU,40,57.76,-20.34,77.0,77.0,1.12,94,1574133381
132,Ancud,CL,20,-73.83,-41.87,51.8,51.8,8.05,100,1574133382
133,Severiano Melo,BR,29,-37.96,-5.78,73.24,73.24,3.87,81,1574133382
134,College Station,US,1,-96.33,30.63,60.01,48.0,3.76,66,1574133224
135,Kayerkan,RU,75,87.76,69.35,-0.4,-0.4,2.24,84,1574133383
136,Mataura,NZ,100,168.86,-46.19,53.01,53.01,15.01,78,1574133383
137,Jalu,LY,0,21.55,29.03,60.35,60.35,7.07,53,1574133383
138,San Andres,PH,54,122.68,13.32,86.05,86.05,5.53,68,1574133383
139,Marzuq,YE,55,46.47,14.4,63.39,63.39,4.29,52,1574133383
140,Roebourne,AU,0,117.15,-20.77,104.56,104.56,14.14,17,1574133384
141,Poum,MK,18,20.71,41.28,41.63,41.63,4.16,82,1574133384
142,Meulaboh,ID,100,96.13,4.14,78.85,78.85,1.41,75,1574133384
143,Carutapera,BR,0,-46.02,-1.2,81.16,81.16,10.76,79,1574133384
144,Torbay,CA,75,-52.73,47.66,37.99,30.99,8.05,66,1574133385
145,Ilulissat,GL,87,-51.1,69.22,19.4,19.4,3.36,79,1574133385
146,Brewster,US,90,-70.08,41.76,46.4,39.0,9.17,93,1574133267
147,Montrose,GB,35,-2.47,56.71,28.4,19.99,6.93,92,1574133385
148,Hasaki,JP,75,140.83,35.73,66.2,64.0,3.36,82,1574133386
149,Ulundi,ZA,49,31.43,-28.29,57.81,57.81,3.15,96,1574133386
150,Yulara,AU,0,130.99,-25.24,96.8,96.8,10.29,6,1574133245
151,Bad Iburg,DE,75,8.05,52.16,44.01,39.99,14.99,87,1574133386
152,Walvis Bay,NA,89,14.51,-22.95,61.0,57.2,8.05,82,1574133387
153,Kavaratti,IN,20,72.64,10.57,82.4,82.4,5.82,78,1574133387
154,San Jose,HN,75,-87.96,14.25,68.0,68.0,3.36,77,1574133388
155,Concepcion,CO,8,-73.66,9.56,72.84,72.84,3.33,95,1574133388
156,Tabou,CI,100,-7.36,4.42,75.34,75.34,0.16,95,1574133388
157,Umm Lajj,SA,0,37.27,25.02,69.76,69.76,8.37,46,1574133388
158,Ahuimanu,US,75,-157.84,21.44,84.2,75.99,9.17,74,1574133389
159,Faya,SA,33,42.45,18.39,51.8,50.0,1.74,76,1574133389
160,Auki,NG,49,6.51,12.18,73.08,73.08,1.97,33,1574133389
161,Barreirinhas,BR,34,-42.83,-2.75,73.0,73.0,1.41,98,1574133389
162,Gorin,BF,0,-0.67,12.34,78.17,78.17,8.63,26,1574133390
163,Lilongwe,MW,100,33.79,-13.97,69.42,69.42,2.68,76,1574133390
164,Grindavik,IS,90,-22.43,63.84,42.8,41.0,31.09,80,1574133390
165,Avarua,CK,31,-159.78,-21.21,77.0,77.0,11.41,73,1574133390
166,Sukumo,JP,0,132.72,32.94,53.53,53.53,27.18,65,1574133391
167,Sitka,US,67,-99.65,37.17,50.0,50.0,7.63,52,1574133391
168,Riviere-du-Loup,CA,100,-69.53,47.83,30.56,30.56,13.6,78,1574133391
169,Port Hardy,CA,90,-127.42,50.7,46.4,46.4,5.82,93,1574133309
170,Sao Jose da Coroa Grande,BR,75,-35.15,-8.9,79.0,79.0,15.05,77,1574133391
171,Port Hedland,AU,0,118.58,-20.31,89.6,89.6,14.99,62,1574133392
172,Esperance,AU,100,121.89,-33.86,77.0,77.0,5.82,41,1574133392
173,Arraial do Cabo,BR,100,-42.02,-22.97,72.45,72.45,15.93,87,1574133392
174,Fairbanks,US,90,-147.72,64.84,1.99,0.0,0.36,84,1574133363
175,Half Moon Bay,US,20,-122.43,37.46,64.99,52.0,12.75,93,1574133393
176,Caravelas,BR,71,-39.27,-17.73,71.58,71.58,2.17,94,1574133393
177,Bandarbeyla,SO,99,50.81,9.49,80.55,80.55,11.92,81,1574133393
178,Saldanha,PT,81,-6.55,41.42,37.58,37.58,0.78,88,1574133394
179,Lazarev,RU,100,141.51,52.23,24.33,24.33,32.39,89,1574133394
180,Constitucion,MX,40,-104.67,23.99,57.99,57.2,3.36,76,1574133394
181,Luganville,VU,75,167.18,-15.51,84.2,84.2,11.41,74,1574133394
182,Sabha,LY,0,14.43,27.03,61.12,61.12,9.01,46,1574133395
183,Severo-Kurilsk,RU,38,156.12,50.68,28.0,28.0,10.2,81,1574133395
184,Guerrero Negro,MX,0,-114.04,27.97,78.1,78.1,11.9,63,1574133361
185,Westport,US,90,-73.36,41.14,44.01,35.01,5.82,81,1574133396
186,San Fernando,TT,20,-61.46,10.28,78.8,77.0,8.01,88,1574133396
187,Kuala Kangsar,MY,75,100.94,4.77,78.8,78.01,5.82,88,1574133397
188,Tirschenreuth,DE,96,12.34,49.88,39.99,33.01,3.36,93,1574133397
189,Priyutnoye,RU,13,43.51,46.1,30.0,30.0,4.0,10,1574133397
190,Bicazu Ardelean,RO,98,25.93,46.85,46.99,42.01,3.06,100,1574133398
191,Yenagoa,NG,82,6.26,4.92,75.45,75.45,2.68,95,1574133398
192,Eskisehir,TR,90,30.52,39.78,30.2,28.4,1.12,100,1574133398
193,Cockburn Town,TC,40,-71.14,21.46,80.6,80.6,6.93,65,1574133399
194,Umm Kaddadah,SD,2,26.69,13.6,69.69,69.69,10.63,18,1574133399
195,Vidisha,IN,69,77.8,23.52,64.4,64.4,3.36,82,1574133399
196,Vao,EE,100,26.19,59.1,43.25,43.25,9.84,87,1574133399
197,Lavrentiya,RU,28,-170.99,65.58,22.69,22.69,17.02,74,1574133399
198,Ulladulla,AU,0,150.48,-35.36,95.0,88.0,17.22,6,1574133400
199,Adrar,DZ,0,-0.29,27.87,48.2,48.2,8.05,31,1574133400
200,Malartic,CA,90,-78.13,48.14,28.4,24.8,4.7,92,1574133400
201,Qaanaaq,GL,100,-69.36,77.48,7.18,7.18,7.16,53,1574133400
202,Touros,BR,40,-35.46,-5.2,78.8,78.8,6.93,78,1574133401
203,Pangnirtung,CA,98,-65.72,66.15,12.54,12.54,3.27,89,1574133401
204,Hirara,JP,75,125.28,24.8,69.8,69.8,20.8,77,1574133401
205,Rindal,NO,100,9.21,63.05,28.62,28.62,2.64,98,1574133401
206,Paamiut,GL,26,-49.67,61.99,30.11,30.11,16.8,81,1574133401
207,Puerto Quijarro,BO,56,-57.72,-19.0,79.97,79.97,0.43,58,1574133402
208,Praya,ID,40,116.27,-8.71,91.4,91.4,5.82,55,1574133402
209,Mount Isa,AU,57,139.49,-20.73,100.4,100.4,9.17,6,1574133402
210,Vrangel,RU,97,133.08,42.73,24.98,24.98,32.57,72,1574133403
211,Pisco,PE,90,-76.2,-13.71,66.2,64.0,12.75,82,1574133403
212,Kahului,US,75,-156.47,20.89,75.2,71.6,13.87,88,1574133403
213,Longyearbyen,NO,75,15.63,78.22,33.8,33.8,13.87,69,1574133404
214,Ongandjera,NA,52,15.07,-17.88,70.12,70.12,5.66,14,1574133404
215,Champerico,MX,5,-93.6,16.38,66.2,66.2,4.7,77,1574133405
216,Warmbad,DE,40,13.08,50.67,42.01,33.01,17.22,75,1574133405
217,Geraldton,CA,90,-86.95,49.72,32.0,32.0,4.7,98,1574133405
218,Barra Patuca,HN,73,-84.28,15.8,79.47,79.47,20.33,78,1574133405
219,Darnah,LY,0,22.64,32.77,69.53,69.53,9.89,74,1574133406
220,Chimbote,PE,10,-78.59,-9.08,61.2,61.2,4.05,85,1574133406
221,Casa Nova,BR,89,-44.16,-16.03,65.66,65.66,3.71,88,1574133406
222,Kinkala,CG,75,14.75,-4.35,75.2,75.2,9.17,83,1574133406
223,Port Moresby,PG,40,147.16,-9.47,84.2,84.2,17.22,79,1574133407
224,Kayasula,RU,0,45.0,44.33,41.2,41.2,6.89,95,1574133407
225,Marathon,CA,100,-86.38,48.72,38.14,38.14,4.09,86,1574133407
226,Kalmunai,LK,100,81.82,7.42,83.3,83.3,1.68,69,1574133408
227,Qujing,CN,100,103.8,25.49,49.35,49.35,7.49,85,1574133408
228,Alofi,NU,75,-169.92,-19.06,80.6,80.6,9.17,74,1574133408
229,Saint George,GR,20,22.34,39.45,51.8,48.2,0.63,93,1574133131
230,Tiksi,RU,96,128.87,71.64,-9.47,-9.47,5.03,87,1574133409
231,Kochkurovo,RU,100,45.43,54.03,34.92,34.92,3.67,97,1574133409
232,Analipsis,GR,40,25.57,35.32,66.0,64.4,5.82,82,1574133410
233,Luderitz,NA,100,15.16,-26.65,55.4,55.4,18.34,71,1574133410
234,Gamba,CN,0,88.52,28.28,26.26,26.26,3.22,44,1574133410
235,Bambanglipuro,ID,100,110.28,-7.95,83.75,83.75,6.17,65,1574133411
236,Yining,CN,0,114.56,29.04,54.99,54.99,2.93,37,1574133411
237,Bathsheba,BB,20,-59.52,13.22,80.6,80.6,5.82,78,1574133411
238,Moron,HT,79,-74.26,18.56,78.21,78.21,3.85,80,1574133411
239,Samarai,PG,100,150.67,-10.62,77.65,77.65,3.6,89,1574133412
240,Charters Towers,AU,29,146.27,-20.07,97.43,97.43,10.11,22,1574133412
241,Rubiataba,BR,100,-49.8,-15.16,70.12,70.12,5.77,85,1574133412
242,Polson,US,90,-114.16,47.69,44.01,39.99,4.7,93,1574133236
243,Nchelenge,ZM,100,28.74,-9.35,68.86,68.86,2.42,88,1574133413
244,Tiznit,MA,96,-9.73,29.7,52.86,52.86,5.5,91,1574133413
245,Sinnamary,GF,42,-52.96,5.38,82.36,82.36,16.78,80,1574133413
246,Port Macquarie,AU,90,152.91,-31.43,93.0,84.2,10.29,28,1574133413
247,Diego de Almagro,CL,0,-70.05,-26.39,58.05,58.05,0.92,34,1574133414
248,Port Lincoln,AU,0,135.86,-34.72,70.05,70.05,9.84,55,1574133414
249,Morondava,MG,54,44.28,-20.3,77.45,77.45,2.08,80,1574133414
250,Cayenne,GF,1,-52.33,4.94,77.0,77.0,3.36,94,1574133414
251,Panzhihua,CN,96,101.72,26.59,62.55,62.55,1.05,63,1574133415
252,Varca,IN,20,73.92,15.22,80.6,80.6,9.17,65,1574133415
253,Sorong,ID,98,131.25,-0.86,91.94,91.94,4.56,49,1574133415
254,Awbari,LY,0,12.77,26.59,58.71,58.71,4.76,53,1574133415
255,Norman Wells,CA,75,-126.83,65.28,-11.2,-11.2,2.55,76,1574133416
256,Nikolskoye,RU,90,30.79,59.7,44.6,41.0,15.66,87,1574133416
257,Baruun-Urt,MN,0,113.28,46.68,2.12,2.12,12.1,60,1574133416
258,Benguela,AO,79,13.4,-12.58,74.16,74.16,2.35,80,1574133416
259,Barrow,AR,70,-60.23,-38.31,49.84,49.84,3.56,70,1574133417
260,Novaya Mayna,RU,90,49.76,54.15,37.4,37.4,11.18,100,1574133417
261,Piranshahr,IR,0,45.14,36.7,24.12,24.12,10.16,70,1574133417
262,Nanortalik,GL,100,-45.24,60.14,36.77,36.77,10.47,86,1574133417
263,Portland,US,90,-70.25,43.66,37.99,32.0,9.17,92,1574133299
264,Sao Joao do Piaui,BR,100,-42.25,-8.36,76.41,76.41,2.84,70,1574133418
265,Tura,RU,0,100.22,64.27,-27.78,-27.78,0.25,92,1574133419
266,Pushkar,IN,100,74.56,26.49,69.04,69.04,3.2,42,1574133419
267,Cleveland,US,20,-81.69,41.51,37.4,28.0,3.36,93,1574133403
268,Businga,CD,100,20.89,3.34,72.0,72.0,2.08,90,1574133419
269,Chegdomyn,RU,100,133.04,51.13,13.24,13.24,2.71,88,1574133420
270,Kankon,IN,20,74.02,15.02,80.6,80.6,9.17,65,1574133421
271,Ust-Nera,RU,96,143.24,64.57,-17.37,-17.37,1.36,99,1574133421
272,Kedougou,SN,51,-12.19,12.56,76.26,76.26,1.59,33,1574133421
273,Mbamba,NG,24,13.1,9.98,75.56,75.56,3.58,33,1574133421
274,Cabildo,CL,0,-71.07,-32.43,69.8,69.8,3.38,46,1574133422
275,Ahipara,NZ,100,173.16,-35.17,72.0,72.0,1.01,65,1574133422
276,Conde,BR,67,-37.61,-11.81,79.07,79.07,12.28,75,1574133422
277,San Quintin,PH,100,120.52,17.54,80.74,80.74,13.35,75,1574133423
278,Villanueva,HN,75,-87.99,15.32,71.6,69.01,3.36,88,1574133423
279,Burgeo,CA,100,-57.61,47.61,39.81,39.81,26.93,72,1574133423
280,Wahiawa,US,75,-158.02,21.5,84.2,75.0,9.17,69,1574133423
281,Lujan,AR,100,-67.67,-46.57,62.02,62.02,34.31,41,1574133424
282,Salalah,OM,20,54.1,17.01,77.0,77.0,3.36,73,1574133424
283,Sovetskiy,RU,100,48.47,56.76,30.56,30.56,8.14,94,1574133424
284,Gorzow Wielkopolski,PL,0,15.23,52.74,39.99,36.0,4.0,79,1574133425
285,Coihaique,CL,90,-72.07,-45.58,53.6,53.6,6.93,71,1574133425
286,Grand Gaube,MU,40,57.66,-20.01,77.0,77.0,1.12,94,1574133425
287,Sorland,NO,100,12.69,67.67,39.16,39.16,20.76,86,1574133426
288,Tiarei,PF,75,-149.33,-17.53,80.6,80.01,5.82,74,1574133426
289,Rawatsar,IN,0,74.4,29.26,69.19,69.19,2.44,38,1574133426
290,Bereda,ES,100,-7.54,43.27,45.0,32.0,6.93,100,1574133426
291,Aswan,EG,0,32.9,24.09,66.2,66.2,12.75,63,1574133427
292,Labuhan,ID,10,115.51,-2.54,85.86,85.86,1.79,72,1574133427
293,Vega de Alatorre,MX,92,-96.65,20.03,74.34,74.34,10.92,76,1574133427
294,Verkhnetulomskiy,RU,75,31.8,68.61,26.6,26.6,6.71,92,1574133427
295,Chulumani,BO,94,-67.53,-16.41,56.17,56.17,0.76,90,1574133428
296,Trairi,BR,24,-39.27,-3.28,75.78,75.78,5.82,87,1574133301
297,Bucerias,MX,40,-105.33,20.76,78.01,77.0,2.98,83,1574133374
298,Belmonte,PT,100,-7.35,40.36,37.99,30.0,2.62,75,1574133429
299,Challans,FR,90,-1.88,46.85,41.0,33.8,3.36,100,1574133429
300,Houlton,US,90,-67.84,46.13,30.2,26.01,9.17,92,1574133429
301,Pecanha,BR,100,-42.56,-18.55,66.07,66.07,4.38,97,1574133429
302,Kamaishi,JP,75,141.86,39.28,46.4,46.4,13.87,87,1574133430
303,Trzebiatow,PL,33,15.26,54.06,43.0,37.99,13.87,86,1574133430
304,Zaysan,KZ,100,84.87,47.47,25.29,25.29,3.76,55,1574133431
305,Warrington,GB,98,-2.59,53.39,34.0,25.0,6.93,100,1574133431
306,Chuy,UY,29,-53.46,-33.69,67.24,67.24,5.99,84,1574133431
307,Pangody,RU,0,74.49,65.85,-13.65,-13.65,11.74,96,1574133432
308,Krutinka,RU,99,71.51,56.01,-14.64,-14.64,11.23,92,1574133432
309,Okato,NZ,100,173.88,-39.19,59.0,54.0,8.99,62,1574133432
310,Bowen,AU,26,148.25,-20.01,89.01,87.8,12.75,48,1574133432
311,Balsas,BR,81,-46.04,-7.53,75.94,75.94,1.41,81,1574133166
312,Rosehearty,GB,0,-2.11,57.7,39.99,25.0,1.12,92,1574133433
313,Kontagora,NG,19,5.47,10.4,75.42,75.42,2.64,40,1574133433
314,Carmelo,UY,2,-58.28,-34.0,78.01,69.8,2.24,88,1574133433
315,Brookhaven,US,90,-72.92,40.78,45.0,37.0,8.05,86,1574133433
316,Matamoros,US,1,-97.51,25.87,66.2,61.0,4.7,93,1574133434
317,Bintulu,MY,75,113.03,3.17,82.4,82.0,2.24,83,1574133434
318,Nunspeet,NL,90,5.78,52.38,45.0,41.0,10.29,86,1574133435
319,Glasgow,GB,90,-4.24,55.86,27.0,17.6,5.82,92,1574133435
320,Sambava,MG,6,50.17,-14.27,75.15,75.15,1.9,89,1574133436
321,Boueni,YT,20,45.08,-12.9,82.4,82.4,3.29,83,1574133436
322,Ust-Maya,RU,100,134.54,60.42,-15.92,-15.92,0.76,93,1574133436
323,Margate,AU,75,147.26,-43.03,63.0,62.01,6.93,69,1574133436
324,Palitana,IN,100,71.82,21.52,76.37,76.37,8.57,52,1574133436
325,Jacareacanga,BR,90,-57.76,-6.22,71.22,71.22,1.01,97,1574133437
326,Roald,NO,100,6.12,62.58,37.4,28.0,10.29,93,1574133437
327,Mehamn,NO,93,27.85,71.03,24.06,24.06,11.97,88,1574133438
328,Butare,BI,1,29.99,-3.99,61.83,61.83,4.27,84,1574133439
329,Akersberga,SE,100,18.3,59.48,48.0,44.6,11.41,100,1574133439
330,Lima,PE,75,-77.04,-12.06,66.2,66.2,12.75,82,1574133277
331,Nelson Bay,AU,0,152.14,-32.72,89.6,81.0,17.22,11,1574133440
332,Doha,QA,75,51.53,25.29,78.8,73.4,1.12,60,1574133440
333,Lovington,US,1,-103.35,32.94,57.0,52.0,6.93,38,1574133440
334,Hohhot,CN,0,111.65,40.81,21.2,21.2,4.47,31,1574133247
335,Hauterive,CA,1,-68.27,49.18,28.99,23.0,10.29,79,1574133441
336,Romny,UA,5,33.49,50.74,32.88,32.88,0.98,94,1574133441
337,Missoula,US,90,-114.0,46.87,44.6,42.8,4.7,87,1574133441
338,Chabahar,IR,20,60.65,25.29,60.8,60.8,1.66,63,1574133442
339,Tessalit,ML,100,1.01,20.2,61.0,61.0,10.18,21,1574133442
340,Coos Bay,US,20,-124.22,43.37,55.99,53.01,9.17,93,1574133442
341,Codrington,AU,40,153.24,-28.95,95.0,84.2,8.05,23,1574133442
342,Fortuna,US,90,-124.16,40.6,57.99,54.0,4.7,100,1574133443
343,Marfino,RU,90,37.56,56.07,37.4,30.99,8.95,93,1574133443
344,Majene,ID,11,118.97,-3.54,85.51,85.51,6.55,64,1574133444
345,San Carlos de Bariloche,AR,100,-71.31,-41.13,42.8,42.8,3.36,75,1574133444
346,Coruripe,BR,27,-36.18,-10.12,77.7,77.7,12.84,80,1574133444
347,Chum Phae,TH,1,102.1,16.54,79.2,79.2,7.16,59,1574133444
348,North Platte,US,1,-100.77,41.12,42.01,35.6,6.93,69,1574133445
349,Phuket,TH,20,98.4,7.89,84.2,82.4,5.82,74,1574133384
350,Lahat,ID,83,103.55,-3.78,81.84,81.84,4.32,56,1574133445
351,Pemba,MZ,75,40.52,-12.97,78.8,78.8,3.36,100,1574133445
352,Inta,RU,0,60.13,66.04,-11.92,-11.92,5.48,73,1574133446
353,Cherskiy,RU,0,161.3,68.75,-17.14,-17.14,2.01,97,1574133447
354,Ewa Beach,US,40,-158.01,21.32,84.2,75.99,14.99,54,1574133215
355,Nouadhibou,MR,3,-17.03,20.93,64.4,64.4,12.75,63,1574133448
356,Bozhou,CN,0,115.78,33.86,51.69,51.69,7.31,13,1574133448
357,Tambilil,PH,20,124.67,5.96,91.4,91.4,4.7,52,1574133448
358,Lukoyanov,RU,100,44.48,55.03,37.56,37.56,5.64,97,1574133448
359,Santa Rosalia,IT,100,13.27,38.07,62.6,50.0,12.75,63,1574133449
360,Ilo,PE,4,-71.34,-17.65,65.39,65.39,2.46,84,1574133449
361,Mogadishu,SO,100,45.34,2.04,82.67,82.67,10.8,78,1574133232
362,Porto Novo,BR,75,-45.44,-23.68,66.2,66.2,9.17,82,1574133450
363,Sulangan,PH,5,123.72,11.14,82.17,82.17,2.39,77,1574133450
364,Kasongo,CD,61,26.67,-4.43,68.38,68.38,1.19,94,1574133452
365,Airai,TL,3,125.41,-8.93,87.96,87.96,8.7,25,1574133452
366,Cairns,AU,50,145.77,-16.92,93.99,89.6,13.87,46,1574133452
367,Ambilobe,MG,41,49.05,-13.19,78.49,78.49,7.76,76,1574133452
368,Kaitangata,NZ,95,169.85,-46.28,51.84,51.84,16.11,82,1574133453
369,Lincoln,GB,0,-0.54,53.23,33.8,28.0,5.82,87,1574133237
370,Namibe,AO,54,12.15,-15.19,69.84,69.84,15.99,80,1574133453
371,Tiruchchendur,IN,75,78.12,8.48,78.8,78.8,12.41,83,1574133453
372,Udachnyy,RU,90,112.4,66.42,-4.0,-4.0,6.71,83,1574133454
373,Novoorsk,RU,90,58.98,51.38,30.2,30.2,11.18,92,1574133454
374,Mutare,MZ,100,32.67,-18.97,68.34,68.34,2.24,92,1574133454
375,Kruisfontein,ZA,1,24.73,-34.0,51.71,51.71,9.31,76,1574133454
376,Peniche,PT,100,-9.38,39.36,50.0,39.99,5.82,87,1574133455
377,Arlit,NE,0,7.39,18.74,77.11,77.11,3.47,15,1574133455
378,Kurakh,RU,0,47.78,41.58,36.79,36.79,7.85,44,1574133456
379,Horia,RO,97,28.45,45.03,59.0,59.0,12.75,82,1574133456
380,Namtsy,RU,40,129.66,62.72,-5.8,-5.8,6.71,70,1574133456
381,Monte Santo de Minas,BR,0,-46.98,-21.19,65.07,65.07,4.52,85,1574133457
382,Gewane,ET,91,40.66,10.16,74.66,74.66,6.8,73,1574133457
383,Port-Cartier,CA,75,-66.88,50.03,21.0,19.0,8.05,79,1574133457
384,Sembakung,ID,40,117.25,3.82,87.8,87.8,5.82,74,1574133457
385,Babu,CN,64,104.89,23.23,64.94,64.94,2.91,60,1574133457
386,Barcelos,BR,88,-62.93,-0.97,75.36,75.36,3.06,93,1574133458
387,Zlobin,HR,75,14.65,45.29,57.99,45.0,10.29,71,1574133458
388,Kurdzhinovo,RU,0,40.96,43.99,39.74,39.74,3.15,42,1574133459
389,Katsuura,JP,75,134.5,33.93,60.01,51.8,16.11,47,1574133459
390,Pontianak,ID,75,109.34,-0.02,82.13,82.13,3.47,79,1574133459
391,Kovur,IN,62,79.99,14.5,82.36,82.36,11.95,77,1574133459
392,Batagay-Alyta,RU,95,130.41,67.8,-7.78,-7.78,3.33,82,1574133459
393,Mandurah,AU,100,115.7,-32.55,78.01,73.4,11.41,49,1574133460
394,Svetlogorsk,RU,90,59.15,53.14,10.4,10.4,15.66,85,1574133460
395,Manggar,ID,15,108.27,-2.88,82.89,82.89,7.7,74,1574133460
396,Smidovich,RU,100,133.81,48.6,7.81,7.81,8.32,92,1574133461
397,San Cristobal,HN,64,-86.92,14.68,62.74,62.74,2.1,89,1574133461
398,Santa Maria,BR,40,-48.01,-16.02,71.6,64.99,2.24,83,1574133462
399,Bonthe,SL,67,-12.5,7.53,78.82,78.82,3.83,84,1574133462
400,Nishihara,JP,75,139.53,35.74,71.01,59.0,4.7,52,1574133462
401,Makaryev,RU,100,43.81,57.88,36.1,36.1,3.89,94,1574133463
402,Hami,CN,92,93.51,42.84,28.08,28.08,4.36,18,1574133463
403,Dauriya,RU,0,116.85,49.93,4.91,4.91,10.65,63,1574133463
404,Rochegda,RU,0,43.41,62.67,16.97,16.97,4.45,95,1574133463
405,Chapais,CA,90,-74.86,49.78,24.8,24.8,2.24,73,1574133464
406,Jiazi,CN,75,110.49,19.61,75.2,75.2,13.42,69,1574133464
407,Sistranda,NO,75,8.83,63.73,41.0,37.4,6.93,93,1574133465
408,Atasu,KZ,100,71.64,48.68,27.25,27.25,4.12,96,1574133465
409,Nagorsk,RU,100,50.8,59.32,17.08,17.08,8.63,87,1574133465
410,Nacala,MZ,100,40.69,-14.56,75.2,75.2,0.72,93,1574133465
411,Ukiah,US,1,-123.21,39.15,66.2,53.01,9.17,52,1574133466
412,San Diego de los Banos,CU,47,-83.37,22.65,65.43,65.43,2.77,74,1574133466
413,Tulum,MX,40,-87.46,20.21,75.2,75.0,10.29,60,1574133466
414,Saint Anthony,US,75,-111.68,43.97,42.8,35.6,5.82,56,1574133255
415,Borogontsy,RU,98,131.17,62.67,-13.07,-13.07,3.29,94,1574133467
416,Nakonde,ZM,99,32.75,-9.33,62.85,62.85,2.08,87,1574133467
417,Lata,IN,0,78.62,30.78,31.64,31.64,4.36,12,1574133467
418,San Marcos,GT,40,-91.79,14.97,77.0,55.0,4.7,94,1574133467
419,Dombas,NO,100,9.12,62.07,26.71,26.71,1.54,97,1574133467
420,Maragogi,BR,75,-35.22,-9.01,79.0,79.0,15.05,77,1574133392
421,Seminole,US,1,-102.64,32.72,57.2,48.99,7.05,37,1574133204
422,Lagoa,PT,100,-8.45,37.14,48.99,46.4,3.36,87,1574133468
423,Ostrovnoy,RU,54,39.51,68.05,17.46,17.46,11.34,93,1574133468
424,Vestmanna,FO,100,-7.17,62.16,32.0,32.0,1.12,75,1574133469
425,Hamilton,CA,90,-79.87,43.26,37.99,33.8,10.29,86,1574133469
426,Barranca,PE,2,-77.76,-10.75,64.26,64.26,12.08,88,1574133469
427,Kyotera,UG,100,31.54,-0.63,62.94,62.94,2.75,91,1574133470
428,Aksarka,RU,91,67.8,66.56,-10.19,-10.19,11.77,89,1574133470
429,Paris,FR,90,2.35,48.86,42.01,35.6,2.24,100,1574133300
430,Sao Goncalo do Amarante,BR,75,-38.97,-3.61,86.0,81.0,8.05,74,1574133470
431,Erzin,TR,20,36.2,36.95,53.01,35.6,1.12,69,1574133471
432,Iqaluit,CA,90,-68.52,63.75,21.2,21.2,14.99,67,1574133471
433,Vitim,RU,94,112.57,59.44,-19.71,-19.71,0.81,92,1574133471
434,Huangchuan,CN,75,102.46,24.57,66.0,55.4,15.66,87,1574133471
435,Hermiston,US,90,-119.29,45.84,51.01,42.01,4.7,87,1574133471
436,Eureka,US,90,-124.16,40.8,57.99,54.0,4.7,100,1574133408
437,Sur,OM,0,59.53,22.57,72.95,72.95,0.22,70,1574133472
438,Hanmer Springs,NZ,100,172.83,-42.52,51.37,51.37,6.55,57,1574133472
439,Vranovice,CZ,65,13.55,49.85,37.4,32.0,9.17,86,1574133472
440,Innisfail,AU,55,146.03,-17.52,91.0,91.0,3.0,24,1574133473
441,Fukue,JP,20,136.69,35.03,60.8,54.0,29.97,59,1574133473
442,Wewak,PG,89,143.63,-3.55,82.54,82.54,5.12,78,1574133474
443,Kabinda,CD,96,24.49,-6.14,65.59,65.59,3.98,86,1574133474
444,Inhambane,MZ,64,35.38,-23.87,75.9,75.9,9.13,86,1574133474
445,Maloy,ID,100,118.1,1.0,94.33,94.33,1.79,42,1574133474
446,Pacific Grove,US,1,-121.92,36.62,64.0,54.0,5.82,71,1574133475
447,Kongwa,TZ,19,36.41,-6.19,66.6,66.6,5.79,85,1574133475
448,Pangoa,PE,84,-73.0,-12.12,71.11,71.11,2.8,83,1574133475
449,Calbuco,CL,75,-73.13,-41.77,53.6,53.6,5.82,93,1574133475
450,Tagusao,PH,75,117.81,9.19,86.02,86.02,3.11,62,1574133476
451,Praia,BR,90,-43.81,-20.25,68.0,68.0,5.82,88,1574133476
452,Ciudad Bolivar,VE,34,-63.55,8.12,78.12,78.12,6.87,79,1574133476
453,Sayyan,YE,7,44.32,15.17,51.35,51.35,0.74,56,1574133476
454,Deputatskiy,RU,47,139.9,69.3,-17.68,-17.68,1.63,99,1574133476
455,Derzhavinsk,KZ,100,66.31,51.1,15.01,15.01,15.12,93,1574133477
456,Coro,VE,58,-69.67,11.41,77.02,77.02,7.11,83,1574133477
457,Kilindoni,TZ,100,39.67,-7.91,80.92,80.92,1.88,78,1574133477
458,Chunoyar,RU,100,97.32,57.45,6.31,6.31,8.01,91,1574133478
459,Haines Junction,CA,99,-137.51,60.75,22.75,22.75,7.36,96,1574133478
460,Washougal,US,75,-122.35,45.58,57.2,50.0,12.75,93,1574133478
461,Alta Floresta,BR,100,-56.08,-9.87,71.65,71.65,0.65,95,1574133479
462,San Diego,US,75,-117.16,32.72,71.01,61.0,6.93,68,1574133479
463,Pekalongan,ID,100,109.67,-6.89,91.81,91.81,2.17,49,1574133479
464,Diamantino,BR,100,-56.44,-14.4,73.71,73.71,5.39,83,1574133480
465,Tahe,CN,100,124.71,52.34,-2.88,-2.88,9.71,79,1574133480
466,Markala,ML,33,-6.07,13.69,76.69,76.69,11.21,20,1574133480
467,Zaraza,VE,0,-65.33,9.35,72.79,72.79,5.19,96,1574133481
468,Mendoza,AR,0,-68.84,-32.89,73.4,73.4,2.24,40,1574133423
469,Robore,BO,0,-59.76,-18.33,74.93,74.93,1.3,54,1574133481
470,Aksu,KZ,75,76.93,52.04,-4.0,-4.0,13.42,83,1574133481
471,Banda Aceh,ID,85,95.32,5.56,81.41,81.41,4.38,76,1574133482
472,Tocache,PE,83,-76.51,-8.19,70.2,70.2,0.87,75,1574133482
473,Zhigansk,RU,91,123.37,66.77,-11.54,-11.54,11.34,97,1574133483
474,Leningradskiy,RU,81,178.42,69.38,13.3,13.3,7.54,91,1574133483
475,Koslan,RU,0,48.9,63.46,-0.09,-0.09,5.66,95,1574133483
476,Kapit,MY,58,112.94,2.02,86.36,86.36,1.25,63,1574133483
477,Homer,US,75,-151.54,59.64,33.8,32.0,5.82,86,1574133483
478,Bourail,NC,93,165.5,-21.57,81.09,81.09,14.14,42,1574133484
479,Vigrestad,NO,60,5.7,58.57,39.2,37.0,12.75,86,1574133484
480,Tongzi,CN,100,105.09,28.78,49.71,49.71,2.35,77,1574133484
481,Cabo San Lucas,MX,5,-109.91,22.89,78.01,72.0,8.05,88,1574133484
482,Skeldon,GY,67,-57.13,5.88,81.39,81.39,6.89,81,1574133484
483,Srivardhan,IN,8,73.02,18.03,77.52,77.52,6.58,63,1574133485
484,Nalut,LY,0,10.98,31.86,51.1,51.1,2.51,58,1574133485
485,Nouakchott,MR,100,-15.98,18.08,69.8,69.8,9.17,52,1574133485
486,Sioni,GE,0,45.02,41.99,30.2,30.2,9.17,86,1574133486
487,Husavik,CA,100,-96.99,50.56,36.0,34.0,3.96,94,1574133486
488,Henties Bay,NA,65,14.28,-22.12,61.0,61.0,3.0,80,1574133486
489,Sidi Ali,DZ,0,0.42,36.1,50.13,50.13,6.82,69,1574133486
490,Kutum,SD,100,24.66,14.2,63.88,63.88,4.16,19,1574133487
491,Takoradi,GH,100,-1.75,4.89,80.42,80.42,7.27,82,1574133487
492,Vestmannaeyjar,IS,100,-20.27,63.44,43.84,43.84,50.85,87,1574133487
493,Kudahuvadhoo,MV,44,72.89,2.67,82.58,82.58,9.62,76,1574133487
494,Lexington,US,90,-84.5,38.05,42.8,37.99,6.6,75,1574133488
495,Maputo,MZ,75,32.57,-25.97,73.99,73.4,11.41,83,1574133488
496,Nagato,JP,75,131.14,34.35,54.0,51.8,10.29,46,1574133488
497,Ruse,BG,0,25.95,43.85,55.99,55.0,4.29,95,1574133488
498,Santa Cruz Cabralia,BR,75,-39.02,-16.28,73.4,73.4,3.36,88,1574133336
499,Saravan,AM,40,45.65,39.72,26.6,26.6,4.7,86,1574133489
500,Suchindram,IN,5,77.47,8.16,82.22,82.22,13.78,74,1574133489
501,Untsukul,RU,0,46.79,42.71,34.09,34.09,3.11,29,1574133490
502,Xichang,CN,98,102.25,27.88,43.97,43.97,4.65,88,1574133490
503,Cagliari,IT,90,10.88,46.38,37.0,27.0,8.05,92,1574133490
504,Ventspils,LV,90,21.56,57.39,46.4,46.4,11.41,87,1574133491
505,Kawalu,ID,100,108.21,-7.38,80.58,80.58,4.41,71,1574133491
506,Omsukchan,RU,0,155.8,62.53,-18.22,-18.22,2.55,96,1574133491
507,Borgarnes,IS,75,-21.92,64.54,42.8,39.0,26.4,60,1574133492
508,Mikhaylovka,RU,95,103.29,52.96,7.77,7.77,6.71,75,1574133492
509,Lamar,US,1,-102.62,38.09,44.6,44.6,4.7,52,1574133493
510,Wangaratta,AU,0,146.32,-36.36,89.6,72.0,12.75,27,1574133493
511,Bara,NG,0,10.6,10.41,73.87,73.87,3.31,34,1574133493
512,Karratha,AU,0,116.85,-20.74,79.74,79.74,14.12,80,1574133285
513,Ballina,IE,100,-9.15,54.11,45.0,42.01,11.99,88,1574133494
514,Ulaangom,MN,91,92.07,49.98,3.9,3.9,1.83,79,1574133494
515,Calama,CL,2,-68.93,-22.46,55.4,55.4,6.93,32,1574133495
516,Veydelevka,RU,14,38.45,50.15,32.86,32.86,4.7,92,1574133495
517,Pioner,RU,90,45.68,50.07,31.59,31.59,5.1,60,1574133495
518,Zhezkazgan,KZ,90,67.71,47.8,21.2,21.2,6.71,92,1574133496
519,Rudnichnyy,RU,13,60.29,59.7,-16.87,-16.87,5.82,93,1574133497
520,Cabedelo,BR,20,-34.84,-6.97,78.8,78.8,8.05,78,1574133497
521,Nicoya,CR,100,-85.45,10.15,77.0,73.0,2.24,78,1574133497
522,Narsaq,GL,100,-46.05,60.91,44.6,44.6,11.41,30,1574133497
523,Medina,SA,0,39.61,24.47,62.6,62.6,4.7,63,1574133497
524,Naryan-Mar,RU,0,53.09,67.67,-5.22,-5.22,7.47,83,1574133498
525,Tooele,US,1,-112.3,40.53,50.0,37.0,4.7,65,1574133498
526,Ladnun,IN,73,74.39,27.64,69.57,69.57,3.53,41,1574133498
527,Portree,GB,100,-6.19,57.41,39.99,34.0,3.0,80,1574133498
528,Ornes,FR,90,5.47,49.25,43.0,36.0,4.7,100,1574133499
529,De Aar,ZA,100,24.01,-30.65,51.08,51.08,5.28,30,1574133499
530,Rio Gallegos,AR,90,-69.22,-51.62,50.0,50.0,4.7,71,1574133240
531,Rincon,PA,40,-82.28,8.46,77.0,64.99,3.36,94,1574133500
532,Rocky Mountain House,CA,100,-114.92,52.38,30.99,30.99,4.27,85,1574133500
533,Vanimo,PG,100,141.3,-2.67,83.98,83.98,10.0,72,1574133501
534,Frankenthal,DE,100,14.11,51.13,42.01,37.0,17.22,79,1574133501
535,Paita,PE,14,-81.11,-5.09,65.59,65.59,7.52,84,1574133501
536,Thinadhoo,MV,30,72.93,0.53,82.29,82.29,10.29,80,1574133501
537,Botro,CI,20,-5.31,7.85,77.0,77.0,3.04,88,1574133502
538,Carovigno,IT,100,17.66,40.71,59.0,50.0,6.93,82,1574133502
539,Moree,AU,0,149.84,-29.46,93.2,93.2,6.93,12,1574133503
540,Lander,US,1,-108.73,42.83,44.6,35.01,4.7,56,1574133503
541,Ust-Koksa,RU,100,85.62,50.27,12.54,12.54,14.92,91,1574133503
542,Poso,ID,93,120.75,-1.4,76.98,76.98,3.49,74,1574133503
543,Port Dickson,MY,40,101.79,2.52,86.0,84.0,2.24,74,1574133504
544,Kirakira,SB,94,161.92,-10.46,77.18,77.18,6.11,90,1574133504
545,Tual,ID,65,132.75,-5.67,83.3,83.3,3.71,73,1574133504
546,Miastko,PL,18,16.98,54.0,39.99,39.0,11.01,94,1574133504
547,Oyama,JP,40,139.8,36.31,70.0,62.6,1.12,63,1574133505
548,Verkhoshizhemye,RU,100,49.1,58.01,25.63,25.63,9.04,91,1574133505
